precision,state_tokens_requested,questions,input_tokens,path,median_ms,p90_ms,mlx_peak_gib,rss_peak_gib,speedup_vs_fp
fp,256,1,350,single,1931.1337089166045,2416.8813340365887,3.748374816030264,3.1880645751953125,1.0
fp,256,8,945,prefix,5489.763708086684,6669.328292133287,4.193911889567971,3.1880645751953125,1.0
fp,1024,1,1118,single,5800.207457970828,6663.643792038783,3.9779488258063793,3.1880645751953125,1.0
fp,1024,8,1713,prefix,9321.009333012626,9850.436124950647,4.322804177179933,3.1880645751953125,1.0
fp,4000,1,4094,single,9045.87029106915,9413.284332957119,4.086029579862952,3.1880645751953125,1.0
fp,4000,8,4689,prefix,10864.753833040595,11526.999833993614,4.929229622706771,3.1880645751953125,1.0
8,256,1,350,single,870.150167029351,919.1429589409381,2.75471468269825,3.1262969970703125,2.219310852412289
8,256,8,945,prefix,2595.517208101228,2611.860499950126,3.1581911724060774,3.1262969970703125,2.115094321452319
8,1024,1,1118,single,3058.6115419864655,3120.94816705212,2.929319081827998,3.1262969970703125,1.8963530930128472
8,1024,8,1713,prefix,4887.4792088754475,4914.974333019927,3.3121688589453697,3.1262969970703125,1.9071199967635837
8,4000,1,4094,single,11858.325416920707,12872.31474998407,2.9687962979078293,3.1262969970703125,0.7628286434239315
8,4000,8,4689,prefix,14571.394291939214,15416.287957923487,3.8057097420096397,3.1262969970703125,0.7456221151774677
4,256,1,350,single,1058.2535830326378,1110.563333844766,2.137145724147558,4.086822509765625,1.8248307776880413
4,256,8,945,prefix,2747.7144580334425,2756.8097091279924,2.5665011294186115,4.086822509765625,1.9979382108051158
4,1024,1,1118,single,3444.1076249349862,3472.4567090161145,2.452429151162505,4.086822509765625,1.6840958789957434
4,1024,8,1713,prefix,5249.376374995336,6659.968541935086,2.673512239009142,4.086822509765625,1.7756412699634072
4,4000,1,4094,single,14975.919791962951,16315.874791936949,2.3862767331302166,4.086822509765625,0.6040276935727013
4,4000,8,4689,prefix,17756.711999885738,18300.431832903996,3.167038183659315,4.086822509765625,0.6118674354300789
