precision,source_run,base_dtype,state_tokens,questions,input_tokens,median_s,min_s,max_s,peak_mlx_gib
BF16,m1-bf16-clean,bfloat16,256,1,350,0.7501148751471192,0.7481804580893368,0.7531492908019572,3.748374816030264
BF16,m1-bf16-clean,bfloat16,256,8,945,2.035316624911502,2.0241241669282317,2.056459875078872,4.193911889567971
BF16,m1-bf16-clean,bfloat16,1024,1,1118,2.303431957960129,2.282890875125304,2.307117582997307,3.9779488258063793
BF16,m1-bf16-clean,bfloat16,1024,8,1713,3.6190250830259174,3.609883042052388,3.621252042008564,4.32278891839087
BF16,m1-bf16-clean,bfloat16,4000,1,4094,8.232374167069793,8.225240959087387,8.242788374889642,4.086029579862952
BF16,m1-bf16-clean,bfloat16,4000,8,4689,9.698441207874566,9.679923749994487,9.734499040991068,4.929229939356446
FP16,m1-fp16-clean,float16,256,1,350,0.5973911248147488,0.5940130420494825,0.5979889170266688,3.748374816030264
FP16,m1-fp16-clean,float16,256,8,945,1.6187035001348704,1.5890602499712259,1.62175429193303,4.193911889567971
FP16,m1-fp16-clean,float16,1024,1,1118,1.8418679998721927,1.8343890830874443,1.851330874953419,3.9779488258063793
FP16,m1-fp16-clean,float16,1024,8,1713,2.8808370830956846,2.863800625083968,2.896548458142206,4.322804177179933
FP16,m1-fp16-clean,float16,4000,1,4094,6.620450250105932,6.620169375091791,6.636960415868089,4.086044838652015
FP16,m1-fp16-clean,float16,4000,8,4689,8.391839750111103,7.820452207932249,9.232755833072588,4.929229939356446
INT8,m1-fp16-clean,float16,256,1,350,0.6613622091244906,0.6442955420352519,0.6686977080535144,2.75471468269825
INT8,m1-fp16-clean,float16,256,8,945,1.9762977079953998,1.9617283339612186,2.0259967921301723,3.1581911724060774
INT8,m1-fp16-clean,float16,1024,1,1118,2.31439295806922,2.2962700000498444,2.359356999862939,2.929319081827998
INT8,m1-fp16-clean,float16,1024,8,1713,3.7071984158828855,3.702312459005043,3.7536842920817435,3.3121688589453697
INT8,m1-fp16-clean,float16,4000,1,4094,8.746577250072733,8.59122029086575,8.97502425010316,2.968811556696892
INT8,m1-fp16-clean,float16,4000,8,4689,10.206652957946062,9.87510679103434,10.764431375078857,3.805710058659315
INT4,m1-fp16-clean,float16,256,1,350,0.6303529581055045,0.6197352500166744,0.6417981251142919,2.137145724147558
INT4,m1-fp16-clean,float16,256,8,945,2.0802654169965535,1.931999959051609,2.215865667210892,2.566394317895174
INT4,m1-fp16-clean,float16,1024,1,1118,2.514978291001171,2.475077874958515,2.5784698750358075,2.452429151162505
INT4,m1-fp16-clean,float16,1024,8,1713,3.9908802499994636,3.981207082979381,4.055891375057399,2.673512239009142
INT4,m1-fp16-clean,float16,4000,1,4094,9.399694291874766,9.218040667008609,9.575775790959597,2.3862767331302166
INT4,m1-fp16-clean,float16,4000,8,4689,10.64136445778422,10.615672041894868,10.85934045817703,3.167038183659315
